trial,score,anchor_dominance_penalty,average_alpha,cheek_edge_overlap,edge_overlap_face,eligible,face_luma_mae,failed_gates,gray_slab_penalty,lane_clutter_penalty,lane_words,lower_face_brightness_penalty,mouth_banding_penalty,nose_bridge_edge_overlap,protected_dark_zone_fill_ratio,total_words_drawn,anchor_size_scale,anchor_alpha_scale,lane_word_spacing,lane_word_count_multiplier,contour_alpha_min,contour_alpha_max,tone_alpha_min,tone_alpha_max,shadow_alpha_min,shadow_alpha_max,dark_zone_suppression,luma_modulation_strength,cheek_lane_multiplier,nose_lane_multiplier,jitter_strength,structure_layer_opacity
0,-6.0071401263736535,0.02065905599472577,110.98748370273795,0.130779392338177,0.23319395303956256,False,33.73877716064453,"protected_dark_zone_fill_ratio,lane_words,gray_slab_penalty,mouth_banding_penalty",0.3369445752865442,1.8164665413533454,328,0.357783453805106,1.0,0.1423290203327172,0.13303189341945904,3835,0.6973709203936791,0.7977422862000487,13.837413015764714,1.8609100597470016,125,215,102,179,39,91,0.6523131048569095,0.4406244727909234,2.427363193201222,1.2167631935425332,4.428149382807203,0.8562602927725961
1,-6.270033295452951,0.13038251349126873,101.15532194480946,0.05078597339782346,0.10978102189781022,False,39.73528289794922,"lane_words,face_luma_mae,gray_slab_penalty,mouth_banding_penalty,anchor_dominance_penalty",0.3306837808133145,1.4206172363199228,305,0.334144537789481,1.0,0.07894736842105263,0.09151392813887768,3805,0.7939202428962642,0.88592661361263,13.62999844367052,2.048281762486608,131,190,81,151,30,94,0.6515580500867122,0.2335530783116886,1.0193680656627349,2.204026892736967,2.926720917099541,0.8523715776076232
2,-7.467729789140338,0.05813192315107941,96.77158362111494,0.12368421052631579,0.18517350157728707,False,37.657188415527344,"lane_words,face_luma_mae,gray_slab_penalty,mouth_banding_penalty",0.33433427539645155,2.9545213965073343,531,0.3249276842389788,1.0,0.11743119266055047,0.08298748486071861,4054,0.7139696702864378,0.8383982809325027,6.709363969541953,1.6281708930782246,147,233,89,162,26,71,0.5298158366279547,0.3200342879655067,1.8959182691597545,1.0910959154313113,3.720844478822965,0.7797108350696907
3,-6.200206815847912,0.004799170310294,94.06405880808612,0.09254498714652956,0.15965612526865214,False,38.55936813354492,"protected_dark_zone_fill_ratio,lane_words,face_luma_mae,gray_slab_penalty,mouth_banding_penalty",0.3565316376197205,1.5443934818428704,289,0.40899053301130023,1.0,0.09705372616984402,0.09708518368994752,3809,0.666616854437867,0.7912006611326272,13.97451601566709,1.7785221659286987,141,223,86,139,41,83,0.5977308447277363,0.3372508269158049,2.384334087367521,1.2933516205715523,4.7602121691548325,0.9854895678457836
4,-6.823489104178134,0.0,88.58746736292429,0.04974489795918367,0.112369871402327,False,43.79570770263672,"lane_words,face_luma_mae,gray_slab_penalty,mouth_banding_penalty",0.36911210551106927,1.6254560846151689,318,0.3853030068533761,1.0,0.08348457350272233,0.03552684699232943,3830,0.6136705965773752,0.6433026586106156,13.881686922001943,1.8853178510047641,159,226,74,153,40,78,0.39841238804492946,0.20246004975558313,2.161933930308048,1.547361424778906,4.793949274974039,0.9746643519061833
5,-5.608225101792417,0.004747340618514786,99.26289734236582,0.13797634691195795,0.22338072669826226,False,34.12028503417969,"protected_dark_zone_fill_ratio,lane_words,gray_slab_penalty,mouth_banding_penalty",0.3182014444967813,1.6848838482834305,320,0.3208024161202567,1.0,0.1369150779896014,0.11375050464271295,3838,0.6525248841736414,0.7891482125803829,11.081373892907127,1.5356501161189304,130,199,98,164,34,77,0.6038156884300514,0.40111668593829514,1.9365964842763845,1.1262913352509463,2.1230775458903195,0.8084891358709652
6,-4.934609826641807,0.1560382109219673,99.7264502394891,0.07134071340713408,0.09342857142857143,False,38.37106704711914,"face_luma_mae,gray_slab_penalty,mouth_banding_penalty,anchor_dominance_penalty",0.3106453132359868,0.9920137277064004,213,0.25960796901157923,0.7912917458274148,0.09294320137693632,0.08025837706903512,3758,0.8348320682700149,0.6580096134578387,9.613872483972651,1.0576614085782117,139,238,82,173,31,75,0.596341508645086,0.2023543618829975,1.7213802398979512,1.2101293179846868,4.905837163165116,0.6576466069815776
7,-8.199503152667102,0.14002283616219788,99.15495086923659,0.06374501992031872,0.11627200971463267,False,42.063819885253906,"lane_words,face_luma_mae,gray_slab_penalty,mouth_banding_penalty,anchor_dominance_penalty",0.3619681268644999,2.7680391542368556,507,0.4018901824951172,1.0,0.09328358208955224,0.09091643116673395,3969,0.8209145407701877,0.7962036136511772,6.599356844197772,1.176479464931867,150,237,75,131,43,93,0.6154937811132402,0.2556625309129912,2.3595435866395578,2.5251190634250262,1.8049931302961433,0.966334603126048
8,-5.1971210827470005,0.1494040103742311,83.40533333333333,0.10012360939431397,0.18871473354231974,False,36.7219123840332,"gray_slab_penalty,mouth_banding_penalty,anchor_dominance_penalty",0.3159051656460983,1.1020187197393434,258,0.2557690211704799,1.0,0.1260647359454855,0.0504158255954784,3750,0.8324784176521884,0.8825155695179527,13.341916023364998,1.6144182577664727,122,208,81,150,29,83,0.39548776426434673,0.32431930031626244,1.2647707557972319,1.745662662580242,4.435703450303703,0.7555998903800387
9,-6.342181632409318,0.06854969119869636,100.85191770383541,0.10841836734693877,0.1860831234256927,False,36.97127914428711,"lane_words,gray_slab_penalty,mouth_banding_penalty",0.3268370230805464,2.049057373395612,376,0.3199570792061942,1.0,0.11819887429643527,0.08482842147759387,3937,0.7372374762297343,0.8082175571806887,13.032187569805146,1.899896797890057,120,228,80,177,27,88,0.5152278884524859,0.32918676539281716,2.0198813198864305,2.3616258721186627,3.3393165681600996,0.8090744665429861
10,-6.144619205261787,0.0,87.93108808290155,0.08919597989949749,0.1508857666463042,False,39.44313049316406,"lane_words,face_luma_mae,gray_slab_penalty,mouth_banding_penalty",0.32306877060763073,1.6837118535461952,328,0.2864025115966797,1.0,0.08695652173913043,0.04245458215583367,3860,0.6629424966342417,0.7607848708080156,10.411430898217056,1.416629820751443,148,225,87,145,34,81,0.4078096882079631,0.2582028325258009,1.8523048024983426,1.9896228309583655,2.4537748960341297,0.7791946993799989
11,-6.988157014431128,0.08565348948582872,86.21606648199446,0.12291933418693982,0.21050934880722114,False,36.28167724609375,"lane_words,gray_slab_penalty,mouth_banding_penalty",0.33119406500235515,2.6990204155633646,489,0.321216310773577,1.0,0.1425959780621572,0.07928946306015341,3971,0.7644185018081519,0.8462985561254226,11.34063878022925,1.7946129717786201,139,216,84,130,34,74,0.4787269351372645,0.36438098538283176,2.6766298588421593,2.2583732848544793,3.8895124360349635,0.7807337592685957
12,-7.64761361409974,0.025271898563073575,113.22430355427474,0.10282776349614396,0.14153478650343387,False,36.60589599609375,"protected_dark_zone_fill_ratio,lane_words,gray_slab_penalty,mouth_banding_penalty",0.3224996074737007,3.3003743085973487,625,0.3120594024658203,0.8006646875554865,0.11858407079646018,0.11481631005248284,4164,0.7001531639006113,0.6491592834911721,6.465791751712513,1.6284566392448836,164,234,83,182,27,72,0.7155608173941713,0.2887845093430954,2.1866887686749323,1.4964728573365824,1.6121687461322165,0.6447121634620967
13,-5.336549116235223,0.0,108.08720930232558,0.09202453987730061,0.14451382694023193,False,36.713134765625,"protected_dark_zone_fill_ratio,gray_slab_penalty,mouth_banding_penalty",0.32110613911132047,1.1260774885497336,230,0.328442873273577,0.9505544996781783,0.1,0.11551069842551473,3784,0.6025138593606905,0.8824755359125178,12.950406774487877,1.3418549994880113,129,219,79,163,43,92,0.7223371760784036,0.3011008985863242,2.4610424583951542,1.6222386801939415,4.732458154134165,0.7608474558453411
14,-5.77062061626575,0.13551365297740844,101.24381535322622,0.18073878627968337,0.2652863151083792,False,31.148426055908203,"protected_dark_zone_fill_ratio,lane_words,gray_slab_penalty,mouth_banding_penalty,anchor_dominance_penalty",0.3074069712670749,2.1268482243372313,386,0.2991340092250279,0.8818396245783026,0.1551094890510949,0.1374727492935002,3921,0.809871578933468,0.7627110632355563,10.387063656506653,2.0246325129078278,121,197,103,163,29,67,0.6925179704444784,0.4545161607184778,1.3457641439922003,1.5587179520227263,1.2762857441047262,0.6758447662570835
15,-6.624730944229869,0.0921322009582273,86.29395672718229,0.14456233421750664,0.22193211488250653,False,36.84016799926758,"lane_words,gray_slab_penalty,mouth_banding_penalty",0.334236143821636,2.3668834086516615,455,0.3207211630684989,1.0,0.13799621928166353,0.05987888574888978,4021,0.7723018730958596,0.8159978452792623,11.766867401022512,2.1419747925895036,138,208,91,145,27,72,0.40247944314221534,0.37501503317549667,2.5188984523356837,2.0409553686654807,2.6052173587906515,0.8212625058206527
16,-6.663530176628446,0.1185135140738345,88.6490643424763,0.08366533864541832,0.1569767441860465,False,38.610660552978516,"lane_words,face_luma_mae,gray_slab_penalty,mouth_banding_penalty",0.32640524415135813,2.0911604130845283,389,0.27315777369907923,0.9608196732954546,0.10488245931283906,0.03982236576503835,3901,0.7968369663857185,0.7540258241563889,12.83873817202609,1.9831967409908806,148,219,88,151,32,84,0.38904126652448157,0.2664626810675604,2.4460470619579073,1.2647479197681573,1.838166126016009,0.7140228358991217
17,-5.363045676461684,0.0007046246597380383,89.71560115759011,0.09245742092457421,0.1646415552855407,False,38.452239990234375,"lane_words,face_luma_mae,gray_slab_penalty,mouth_banding_penalty",0.3188687392055268,1.1792678068734928,261,0.30673582894461493,1.0,0.08731466227347612,0.06549858700040372,3801,0.6731149288429078,0.6279584165707058,11.459847896947196,2.0837419920476656,145,233,101,158,32,75,0.45652437181577965,0.3097021086631982,1.1359424816286228,1.0137166554387187,1.7073356811176759,0.8851063415221135
18,-6.648679197334474,0.029884741131421443,100.42467827403482,0.09840425531914894,0.17239225484072454,False,38.560302734375,"lane_words,face_luma_mae,gray_slab_penalty,mouth_banding_penalty",0.33590438059349975,2.1821951174197682,423,0.3267086574009487,1.0,0.11233885819521179,0.06846992329430764,3963,0.7002650626225848,0.8465083729962629,7.002981480310561,1.0816507511810203,145,232,103,171,27,90,0.46993364929957676,0.2938632741439805,2.7859887406124475,1.958665660346734,1.9472376700046405,0.8077227719836071
19,-4.813574359537414,0.0,98.45181043663472,0.14247669773635152,0.24656638325703073,False,35.75670623779297,"gray_slab_penalty,mouth_banding_penalty",0.3439511697283718,1.0767128676539186,217,0.3491307394845145,1.0,0.14575645756457564,0.09059345983044005,3756,0.639704651267142,0.744976298829721,11.563284504428202,1.4340488338454684,154,214,83,180,40,81,0.47448468444472464,0.416908967980559,1.8135314362216302,1.0371890129350148,2.248456635428785,0.8965443518606857
20,-7.181387208154221,0.05595507609635342,109.77923686818632,0.1227154046997389,0.1744186046511628,False,35.1458625793457,"protected_dark_zone_fill_ratio,lane_words,gray_slab_penalty,mouth_banding_penalty",0.32041921808761187,2.636361168472928,477,0.32164878845214845,1.0,0.11829944547134935,0.12195397658457811,4036,0.7188683130789075,0.7262925689960362,10.16994075213109,1.9591830131863661,144,191,97,162,39,89,0.6930834937852868,0.34937923964716344,1.8004692080525542,1.8664165857029167,2.0508867696326,0.7354410921220188
21,-5.197829328562085,0.0,99.84061020515519,0.13350449293966624,0.24457402008422416,False,34.96792221069336,"lane_words,gray_slab_penalty,mouth_banding_penalty",0.3146098288585335,1.5034141461162664,306,0.3317739759172712,1.0,0.16252390057361377,0.09417844166330239,3802,0.5938340560129237,0.641368135345555,9.903434703400634,2.006491846161226,124,217,81,176,40,92,0.49753753053304794,0.421342315930648,1.0489255663360117,1.1342088078341168,1.3095917221553877,0.925195871733103
22,-5.724768397163911,0.16319070838749536,93.95757264078169,0.13446475195822455,0.17725030826140567,False,36.43010330200195,"lane_words,gray_slab_penalty,mouth_banding_penalty,anchor_dominance_penalty",0.31233317632281365,1.7881828139643021,343,0.26043810163225445,0.9065382460160689,0.13693693693693693,0.061509890997174,3889,0.8411979436717001,0.7950087593893935,9.861119572632447,1.1991472605357967,120,231,87,157,40,83,0.4604732419803524,0.2970314335788787,2.395030060465409,2.435017140025229,4.3014804078420905,0.6523580306255692
23,-6.611589360138997,0.09052548051307249,93.31731731731732,0.11153358681875793,0.2073482428115016,False,36.9590950012207,"lane_words,gray_slab_penalty,mouth_banding_penalty",0.3361987753179463,2.2962511000399024,446,0.32022247314453123,1.0,0.13051146384479717,0.07489705288655632,3996,0.7816407043424907,0.7226264073978861,9.827375579587931,1.9201672809344499,151,207,72,148,43,85,0.4864575428720918,0.34787565411871846,1.5435258815678963,2.236774211817535,2.1992745528884807,0.8098931852128288
24,-4.864316281267463,0.012158986542938795,93.04550379198267,0.07647058823529412,0.1726027397260274,False,38.88124084472656,"face_luma_mae,gray_slab_penalty,mouth_banding_penalty",0.33574737007379496,0.49516487873077186,160,0.39803003583635604,1.0,0.08925619834710743,0.09257973354864756,3692,0.6754424768136053,0.7369306195670096,12.01877849022286,1.1009025161834507,152,221,89,165,36,64,0.5400108886993409,0.3412638343595149,1.2593417553552921,2.107363015550376,4.286420810337736,0.9733303377905356
25,-5.547661554253915,0.10586706927971241,93.5460509052742,0.11311053984575835,0.21498268807050677,False,35.48412322998047,"protected_dark_zone_fill_ratio,lane_words,gray_slab_penalty,mouth_banding_penalty",0.31627806563039723,1.3398650832529104,265,0.33287021092006136,1.0,0.12305025996533796,0.12145337101332257,3811,0.7871761516349173,0.8222748576224373,9.216490393117446,1.318336758154098,133,192,79,144,29,70,0.6920546198537466,0.37315557137460365,1.2754536187609966,1.7133474615025124,1.715056719654266,0.7836214387307628
26,-6.839254451789904,0.1548979577028251,109.11200414830179,0.097911227154047,0.16946564885496182,False,37.52582550048828,"protected_dark_zone_fill_ratio,lane_words,face_luma_mae,gray_slab_penalty,mouth_banding_penalty,anchor_dominance_penalty",0.3450306170513424,1.893083351915909,348,0.4030553000313895,1.0,0.12199630314232902,0.12876867178037948,3857,0.8319226599874582,0.8335546641621621,11.281126706198458,1.4736991782102116,123,230,83,177,30,91,0.6626571932393478,0.3496512911349573,2.6081246604494215,2.1237520646063714,3.2120540204207177,0.9455200715078595
27,-5.8862391346135485,0.018637698015337423,90.44508975712777,0.08489388264669163,0.1524186188013386,False,39.031211853027344,"protected_dark_zone_fill_ratio,lane_words,face_luma_mae,gray_slab_penalty,mouth_banding_penalty",0.3261501020568378,1.2919703567652978,269,0.39238504682268416,1.0,0.09358752166377816,0.10751715785224061,3788,0.6737954364712866,0.8602922926448353,12.75177551252634,1.7665041954263097,150,200,76,144,29,64,0.6464167267644544,0.3345776558555934,1.2196298393425604,1.8195003201735205,2.2395985783937133,0.9679075836637233
28,-9.27976757839936,0.07264423684925225,107.89438254410399,0.14106145251396648,0.20192,False,36.75727081298828,"protected_dark_zone_fill_ratio,lane_words,gray_slab_penalty,mouth_banding_penalty",0.34826895902025434,4.231587276191961,804,0.387708990914481,1.0,0.14455445544554454,0.11882115462252725,4308,0.7437682669542725,0.6675245826629594,8.289956886520573,2.262458078386011,120,228,98,158,37,80,0.6459806191272925,0.3735002268348073,2.6717617675750542,2.4644329218959173,2.5870361231508077,0.8889240619452994
29,-7.540866642694548,0.07165947270544766,97.00650602409638,0.15415549597855227,0.2363576594345825,False,34.84873580932617,"protected_dark_zone_fill_ratio,lane_words,gray_slab_penalty,mouth_banding_penalty",0.32713141780499294,3.2663598954197153,625,0.3245476858956473,1.0,0.16129032258064516,0.10202664513524425,4150,0.735517218077645,0.859389607472294,9.257518087243593,2.11310997747825,128,198,93,154,36,72,0.5509362310216309,0.3920051056761826,2.5197281207256785,2.360862705656607,2.4305395498419626,0.782189823186553
30,-6.020182691540435,0.09462002616362838,103.20741304899721,0.14487179487179488,0.22458554895214264,False,32.539955139160156,"protected_dark_zone_fill_ratio,lane_words,gray_slab_penalty,mouth_banding_penalty",0.29555267702936094,2.3694267184482256,433,0.26385176522391185,0.8550497641823509,0.15026833631484796,0.12408558740411789,3939,0.7876869651006209,0.6512937273871986,11.097286182215154,2.1755214084581445,145,205,97,147,34,92,0.6594925992275747,0.3929398162657679,1.334320946925963,2.147080352660357,3.080496607267599,0.6341305581369311
31,-6.158400456502464,0.13437339975826626,96.18963757018888,0.17086092715231788,0.2847972972972973,False,32.48444747924805,"protected_dark_zone_fill_ratio,lane_words,gray_slab_penalty,mouth_banding_penalty,anchor_dominance_penalty",0.312215418433035,2.4766068661482046,455,0.3071164812360491,0.9341761036265981,0.18878504672897195,0.11442874444893016,3918,0.802300462990504,0.7988583215086384,10.746649704949737,1.8840889966370529,129,236,85,160,26,75,0.5518280452978686,0.45421149724414817,2.080420416238039,2.0927259684591144,2.6928492139172784,0.7277546024126504
32,-5.805119572647943,0.0,94.63207547169812,0.07151230949589683,0.11752815477909327,False,40.17398452758789,"face_luma_mae,gray_slab_penalty,mouth_banding_penalty",0.3436960276338515,1.2118518814837769,259,0.3522244589669364,1.0,0.07605177993527508,0.0843601130399677,3816,0.5903089507257105,0.6344378979682602,10.817207676579795,1.0416718290151927,137,240,92,141,35,83,0.6054639458008733,0.24754384839221577,2.053426902564812,2.482898489652733,4.3776883340890995,0.8912728931522464
33,-8.400046395820803,0.14131857845667758,103.91267123287672,0.07097591888466413,0.12643678160919541,False,40.53683090209961,"lane_words,face_luma_mae,gray_slab_penalty,mouth_banding_penalty,anchor_dominance_penalty",0.3763542157324541,2.9519150639802385,534,0.4011730194091797,1.0,0.08617594254937164,0.09018974566007266,4088,0.8300878431734284,0.6466510141650368,9.11833066381794,2.2021340118754553,133,200,97,171,37,75,0.5904101668165733,0.2537853812538403,1.722624523150919,1.98796251752837,4.113044455145361,0.9238719355166394
34,-4.910887281753566,0.0,93.9644373673036,0.0803357314148681,0.13808267370272648,False,36.94758224487305,"gray_slab_penalty,mouth_banding_penalty",0.2862694300518135,1.1362897993497934,242,0.2348968505859375,0.9534460515802556,0.10120068610634649,0.07607589826402907,3768,0.6108238392994989,0.6206704018382997,10.211264922617719,1.443761264982987,135,195,104,154,32,82,0.5328141634301009,0.2639134101219295,1.6721423099655206,1.1852459303604772,2.9823210983635353,0.6909983100275744
35,-8.115062731846077,0.09379075109516138,98.03753417847378,0.08638743455497382,0.11225692398350029,False,38.897926330566406,"lane_words,face_luma_mae,gray_slab_penalty,mouth_banding_penalty",0.3345109122311195,3.1135741705433464,564,0.30105906895228796,0.9864704820112749,0.07180385288966724,0.07150585385547033,4023,0.7773708025186599,0.7404995526026241,6.1342326525935515,1.7024814641782928,129,231,93,138,32,92,0.5818894003075163,0.2263936161692271,1.9703429495577234,1.392738402409139,2.575337420381101,0.749945868499571
36,-7.067095451886827,0.05958315452089669,99.36459403905447,0.08729139922978177,0.14844227244960292,False,38.156436920166016,"protected_dark_zone_fill_ratio,lane_words,face_luma_mae,gray_slab_penalty,mouth_banding_penalty",0.3450502433663055,2.1342309790141654,382,0.377131598336356,1.0,0.08013937282229965,0.11358901897456601,3892,0.717850878993165,0.8132356252887563,10.717693258598608,1.654763293064947,128,190,105,142,30,86,0.6776744897695366,0.3118315035897826,2.47908745391105,1.490890570182454,2.9454652931798737,0.9184479911119007
37,-8.788161655255438,0.0,96.45232390991855,0.07651715039577836,0.10602480803307737,False,41.122257232666016,"lane_words,face_luma_mae,gray_slab_penalty,mouth_banding_penalty",0.34993719579211807,3.5392660450989073,681,0.31601616995675225,1.0,0.08736059479553904,0.05001211142511102,4174,0.5874443485217025,0.7946414479998212,7.123806379176717,1.8267642478135186,161,220,105,165,30,63,0.4553909660922229,0.2121819255456645,1.982289054963608,2.063894784366429,2.4532855852847524,0.7681256170866164
38,-5.732380682462955,0.15018145575091893,80.5021052631579,0.09505703422053231,0.16264876411351847,False,38.152122497558594,"lane_words,face_luma_mae,gray_slab_penalty,mouth_banding_penalty,anchor_dominance_penalty",0.3361202700580939,1.3022844654293564,269,0.2983191353934152,1.0,0.11490125673249552,0.05797335486475575,3800,0.8499096027547028,0.6388379696619814,11.168696936574051,1.3648974484343355,124,205,96,134,30,66,0.4544743534830807,0.2877574120833013,2.4625973883618695,1.2733218933411417,4.987952970306108,0.7872016453008592
39,-5.056323413480638,0.07870831078741741,104.94351630867143,0.10817610062893082,0.2174732872407291,False,34.756553649902344,"protected_dark_zone_fill_ratio,gray_slab_penalty,mouth_banding_penalty",0.33882870152300204,0.9213274516999101,220,0.3618681226457868,1.0,0.13787085514834205,0.11801372628179249,3771,0.7577642326964691,0.6639492736691591,11.231864010490387,1.0025335723147815,163,205,84,180,35,78,0.6028283036295256,0.4025357069363511,2.289610236067733,2.449052951989442,1.4530492167082962,0.8275767031661042
40,-6.14640419464968,0.022576754590555803,88.37931034482759,0.11213720316622691,0.17226502311248074,False,37.16427230834961,"lane_words,face_luma_mae,gray_slab_penalty,mouth_banding_penalty",0.3206939864970953,2.1378482087230837,388,0.267524664742606,0.918062905328924,0.12825278810408922,0.058328623334679044,3915,0.7056194102162218,0.6916974538622975,12.86635097102507,1.8599307199687847,126,194,81,141,36,79,0.4755269357547436,0.28233948160801947,2.769863469943483,1.6823721015679596,2.575019571069202,0.6964976828077326
41,-6.955043439760684,0.07119300547943497,100.15333841076415,0.11096433289299867,0.20707395498392284,False,37.55218505859375,"protected_dark_zone_fill_ratio,lane_words,face_luma_mae,gray_slab_penalty,mouth_banding_penalty",0.3529007693515466,2.1601066133860334,395,0.42444278172084265,1.0,0.11460258780036968,0.12012918853451757,3939,0.7422605104984231,0.6489000643099214,8.460887986046107,1.2334257541174352,155,234,81,145,26,87,0.6347164316336305,0.41585139423463857,2.0492669892917017,2.1798817044909224,3.412791825004363,0.9681812616076497
42,-5.835511571740072,0.009567501953979332,96.93642522146952,0.09390862944162437,0.172,False,36.880367279052734,"protected_dark_zone_fill_ratio,lane_words,gray_slab_penalty,mouth_banding_penalty",0.3277790861987753,1.619093490499516,292,0.3183231898716518,0.9876864171808415,0.11069418386491557,0.095470327008478,3838,0.6701614498848114,0.6833401722429886,10.009911479964824,1.2715916938959893,139,227,75,161,36,68,0.6160304011119799,0.31238583684094834,2.627509105829599,1.522436494807979,3.5331886382673794,0.7644042233830847
43,-6.312454766896829,0.14012649554575626,95.6038471536262,0.10076530612244898,0.19761231542569901,False,37.665435791015625,"protected_dark_zone_fill_ratio,lane_words,face_luma_mae,gray_slab_penalty,mouth_banding_penalty,anchor_dominance_penalty",0.3447165960119328,1.5766261257717136,292,0.4084526606968471,1.0,0.10398613518197573,0.11305611626968107,3847,0.8117842690305569,0.878137960085378,12.333832661220171,1.730011914701378,136,237,72,153,31,74,0.6226376604890792,0.36839060489934483,1.974717871144634,1.0161233862012202,4.432888626835346,0.9235878524535777
44,-6.691859282916926,0.12183061434770255,94.28002057084083,0.14344262295081966,0.20222929936305734,False,36.202049255371094,"protected_dark_zone_fill_ratio,lane_words,gray_slab_penalty,mouth_banding_penalty,anchor_dominance_penalty",0.33498194379023394,2.2641778762691733,400,0.3452019282749721,1.0,0.137291280148423,0.10808235769075494,3889,0.7935281603103728,0.7460551369668108,12.379828615649927,1.885398669280791,131,238,85,157,31,66,0.5897240334641974,0.37650009659594186,2.662724894332236,1.6412071373019068,3.8298698675519303,0.8438634994903481
45,-5.541391777320577,0.09389441047871974,86.88748685594112,0.09225092250922509,0.17462828218918064,False,39.34587097167969,"lane_words,face_luma_mae,gray_slab_penalty,mouth_banding_penalty",0.3237949442612655,1.099638461078881,268,0.34961411612374443,1.0,0.1048951048951049,0.05206297941057731,3804,0.7817132892191132,0.826754109836102,13.9250320909178,1.9605992960920995,155,200,77,161,34,76,0.3901575306431998,0.35031279206590543,1.1571948002746173,2.2027325715549457,4.731396142002355,0.9897763923711774
46,-8.026436536934023,0.06626918476041206,96.44660433070867,0.09067357512953368,0.15132986854173036,False,40.728553771972656,"lane_words,face_luma_mae,gray_slab_penalty,mouth_banding_penalty",0.3603783953524886,2.8726037299516776,518,0.40665397644042967,1.0,0.09747292418772563,0.0658700040371417,4064,0.741209859329647,0.6491179683746126,7.730673220665503,2.201021365233509,126,186,79,160,44,90,0.47868397400543833,0.2835845887954261,1.2778124343471755,1.2118881858460626,4.848737868796838,0.9991886124681484
47,-5.738852086538927,0.12654711629960877,100.20100105374078,0.11082474226804123,0.19530516431924883,False,36.271339416503906,"protected_dark_zone_fill_ratio,lane_words,gray_slab_penalty,mouth_banding_penalty,anchor_dominance_penalty",0.3403203014601978,1.4298438181465305,288,0.33986429486955916,1.0,0.12255772646536411,0.09593863544610416,3796,0.7922796709752429,0.8473617181346328,10.511164491942267,1.304095549662325,161,225,86,168,33,83,0.5476301247877506,0.3558000612169415,2.1143500317857282,1.3570472821032422,3.2122233898788632,0.7801231386179714
48,-7.186664492622484,0.1354099935938501,100.70935716058575,0.1395045632333768,0.21828535273647579,False,34.208126068115234,"protected_dark_zone_fill_ratio,lane_words,gray_slab_penalty,mouth_banding_penalty,anchor_dominance_penalty",0.32189119170984454,2.7369289971786817,473,0.3212988717215402,0.9975970925071023,0.12296564195298372,0.11614049253128785,4029,0.816587585244198,0.7179050153198642,7.458006789429425,1.6942353518188995,155,203,91,157,44,74,0.6170514455519029,0.40361879975186,1.7723554767691079,1.1961698061102533,4.983322917034115,0.7493337688373416
49,-6.596187064367919,0.021799309213867947,100.60797082573586,0.11010362694300518,0.16384522370012092,False,37.71422576904297,"protected_dark_zone_fill_ratio,lane_words,face_luma_mae,gray_slab_penalty,mouth_banding_penalty",0.3501923378866384,2.0604411504875175,369,0.3555400848388672,1.0,0.11992619926199262,0.09965280581348405,3839,0.6919807816015537,0.890200261750455,8.047218065257766,1.3764132425592845,151,214,85,174,26,69,0.5937415593079249,0.3109484541679948,2.2031251973440966,1.3480757541770287,4.860318337238742,0.8109015315190359
